"siteID","day15","sd15","day50","sd50","day85","sd85"
"HARV",136.25,3.95510519997346,140,3.46410161513775,143.5,3.89138242053607
"BART",133.25,4.68279525802393,138.25,3.57571171736681,143.25,2.86605752110555
"SCBI",97.75,10.2085398424204,107,6.88684045325369,115.25,6.38636941350203
"STEI",133,4,137,3.60555127546399,141.333333333333,2.88675134594813
"UKFS",111.5,6.35085296108588,118.5,2.88675134594813,124.5,0.577350269189626
"GRSM",97.75,5.47070118253332,108,3.54562104171167,117,6.6332495807108
"DELA",82,3.29501788419166,87.25,4.30116263352131,92,5.45108115095397
"CLBJ",88.4,6.06630035524124,95.4,5.89915248150105,102,5.8309518948453
